{"cameraMode":{"drawMode":0,"name":"Shaded","section":"Shading Mode"},"sceneLighting":true,"audioPlay":false,"sceneViewState":{"showFog":true,"showMaterialUpdate":true,"showSkybox":true,"showFlares":true,"showImageEffects":true,"showParticleSystems":true},"in2DMode":false,"pivot":{"x":2.875520706176758,"y":-1.7232475280761719,"z":-21.28829002380371},"rotation":{"x":-0.19846032559871674,"y":-0.7584357857704163,"z":0.26899081468582156,"w":-0.5596521496772766},"size":13.718509674072266,"orthographic":false}