{"cameraMode":{"drawMode":0,"name":"Shaded","section":"Shading Mode"},"sceneLighting":true,"audioPlay":false,"sceneViewState":{"showFog":true,"showMaterialUpdate":true,"showSkybox":true,"showFlares":true,"showImageEffects":true,"showParticleSystems":true},"in2DMode":false,"pivot":{"x":2.587000846862793,"y":-9.774845123291016,"z":16.235925674438478},"rotation":{"x":-0.2656262218952179,"y":-0.009819901548326016,"z":0.0027862631250172855,"w":-0.9642431139945984},"size":13.119845390319825,"orthographic":false}