{"cameraMode":{"drawMode":0,"name":"Shaded","section":"Shading Mode"},"sceneLighting":true,"audioPlay":false,"sceneViewState":{"showFog":true,"showMaterialUpdate":true,"showSkybox":true,"showFlares":true,"showImageEffects":true,"showParticleSystems":true},"in2DMode":false,"pivot":{"x":0.9518666863441467,"y":0.22400927543640138,"z":-1.7488490343093873},"rotation":{"x":0.2640720307826996,"y":0.027563823387026788,"z":-0.007261781487613916,"w":0.9642179012298584},"size":3.191884756088257,"orthographic":false}