{"cameraMode":{"drawMode":0,"name":"Shaded","section":"Shading Mode"},"sceneLighting":true,"audioPlay":false,"sceneViewState":{"showFog":true,"showMaterialUpdate":true,"showSkybox":true,"showFlares":true,"showImageEffects":true,"showParticleSystems":true},"in2DMode":false,"pivot":{"x":9.77924919128418,"y":-4.639041900634766,"z":-15.310869216918946},"rotation":{"x":-0.23116011917591096,"y":-0.6637006402015686,"z":0.2275441735982895,"w":-0.6741374731063843},"size":13.154397964477539,"orthographic":false}