{"cameraMode":{"drawMode":0,"name":"Shaded","section":"Shading Mode"},"sceneLighting":true,"audioPlay":false,"sceneViewState":{"showFog":true,"showMaterialUpdate":true,"showSkybox":true,"showFlares":true,"showImageEffects":true,"showParticleSystems":true},"in2DMode":false,"pivot":{"x":4.74747896194458,"y":-10.603150367736817,"z":14.8474760055542},"rotation":{"x":-0.2760712206363678,"y":-0.08607350289821625,"z":0.02490457519888878,"w":-0.9571722745895386},"size":13.119845390319825,"orthographic":false}