{"cameraMode":{"drawMode":0,"name":"Shaded","section":"Shading Mode"},"sceneLighting":true,"audioPlay":false,"sceneViewState":{"showFog":true,"showMaterialUpdate":true,"showSkybox":true,"showFlares":true,"showImageEffects":true,"showParticleSystems":true},"in2DMode":false,"pivot":{"x":11.847396850585938,"y":7.660964488983154,"z":-4.352565765380859},"rotation":{"x":0.10386701673269272,"y":-0.8573454022407532,"z":0.19120435416698457,"w":0.4668668806552887},"size":5.2918853759765629,"orthographic":false}