{"cameraMode":{"drawMode":0,"name":"Shaded","section":"Shading Mode"},"sceneLighting":true,"audioPlay":false,"sceneViewState":{"showFog":true,"showMaterialUpdate":true,"showSkybox":true,"showFlares":true,"showImageEffects":true,"showParticleSystems":true},"in2DMode":false,"pivot":{"x":-7.864679336547852,"y":-14.22327995300293,"z":10.16397476196289},"rotation":{"x":-0.35784974694252016,"y":0.25445616245269778,"z":-0.10238591581583023,"w":-0.8928071856498718},"size":13.119845390319825,"orthographic":false}