{"cameraMode":{"drawMode":0,"name":"Shaded","section":"Shading Mode"},"sceneLighting":true,"audioPlay":false,"sceneViewState":{"showFog":true,"showMaterialUpdate":true,"showSkybox":true,"showFlares":true,"showImageEffects":true,"showParticleSystems":true},"in2DMode":false,"pivot":{"x":0.7261242866516113,"y":2.1146421432495119,"z":-10.83957576751709},"rotation":{"x":-0.18162846565246583,"y":-0.3461526036262512,"z":0.06840576976537705,"w":-0.917959451675415},"size":2.8305845260620119,"orthographic":false}