{"cameraMode":{"drawMode":0,"name":"Shaded","section":"Shading Mode"},"sceneLighting":true,"audioPlay":false,"sceneViewState":{"showFog":true,"showMaterialUpdate":true,"showSkybox":true,"showFlares":true,"showImageEffects":true,"showParticleSystems":true},"in2DMode":false,"pivot":{"x":8.775824546813965,"y":-6.727731704711914,"z":-7.812351226806641},"rotation":{"x":-0.44742757081985476,"y":-0.3509901762008667,"z":0.19616593420505525,"w":-0.7990730404853821},"size":13.119845390319825,"orthographic":false}